Accession ID	Collection date	Submission date	Location
EPI_ISL_18002658	2019-03-27	2020-05-06	South America / Brazil
EPI_ISL_18002691	2016-07-25	2020-05-12	South America / Brazil
EPI_ISL_18002705	2016-01-14	2016-03-16	South America / Brazil
EPI_ISL_18002706	2016-01-29	2016-03-16	South America / Brazil
EPI_ISL_18002709	2015-05-13	2017-06-14	South America / Brazil / Pernambuco
EPI_ISL_18002827	2016-05-05	2018-09-07	South America / Brazil
EPI_ISL_18002828	2016-04-19	2018-09-07	South America / Brazil
EPI_ISL_18002829	2016-04-19	2018-09-07	South America / Brazil
EPI_ISL_18002830	2016-07-27	2018-09-07	South America / Brazil
EPI_ISL_18002831	2016-07-19	2018-09-07	South America / Brazil
EPI_ISL_18002832	2016-07-12	2018-09-07	South America / Brazil
EPI_ISL_18002833	2016-07-05	2018-09-07	South America / Brazil
EPI_ISL_18002834	2016-06-28	2018-09-07	South America / Brazil
EPI_ISL_18002835	2016-06-16	2018-09-07	South America / Brazil
EPI_ISL_18002836	2016-06-08	2018-09-07	South America / Brazil
EPI_ISL_18002837	2016-06-03	2018-09-07	South America / Brazil
EPI_ISL_18002838	2016-05-12	2018-09-07	South America / Brazil
EPI_ISL_18002840	2016-05-24	2018-09-07	South America / Brazil
EPI_ISL_18002841	2016-04-26	2018-09-07	South America / Brazil
EPI_ISL_18002842	2016-05-17	2018-09-07	South America / Brazil
EPI_ISL_18002843	2016-05-10	2018-09-07	South America / Brazil
EPI_ISL_18002844	2016-04-26	2018-09-07	South America / Brazil
EPI_ISL_18002845	2016-05-03	2018-09-07	South America / Brazil
EPI_ISL_18002846	2016-05-19	2018-09-07	South America / Brazil
EPI_ISL_18002847	2016-05-24	2018-09-07	South America / Brazil
EPI_ISL_18002848	2016-06-02	2018-09-07	South America / Brazil
EPI_ISL_18002856	2016-04-30	2018-09-07	South America / Brazil
EPI_ISL_18002858	2016-06-09	2018-09-07	South America / Brazil
EPI_ISL_18002896	2015-07-15	2016-03-18	South America / Brazil
EPI_ISL_18002899	2015-08-01	2016-03-18	South America / Brazil
EPI_ISL_18002909	2015-07-01	2016-03-18	South America / Brazil
EPI_ISL_18002917	2016-06-14	2016-09-01	South America / Brazil
EPI_ISL_18002953	2016-01-08	2017-02-17	South America / Brazil / Amazonas / Manaus
EPI_ISL_18002961	2016-02-10	2018-11-26	South America / Brazil / Amazonas / Manaus
EPI_ISL_18002962	2016-02-02	2018-11-26	South America / Brazil / Amazonas / Manaus
EPI_ISL_18002963	2016-02-10	2018-11-26	South America / Brazil / Amazonas / Manaus
EPI_ISL_18002964	2016-01-25	2018-11-26	South America / Brazil / Amazonas / Manaus
EPI_ISL_18002965	2016-01-29	2018-11-26	South America / Brazil / Amazonas / Manaus
EPI_ISL_18002966	2016-01-05	2018-11-26	South America / Brazil / Amazonas / Manaus
EPI_ISL_18002967	2016-01-25	2018-11-26	South America / Brazil / Amazonas / Manaus
EPI_ISL_18002968	2016-01-23	2018-11-26	South America / Brazil / Amazonas / Manaus
EPI_ISL_18002969	2016-01-30	2018-11-26	South America / Brazil / Amazonas / Manaus
EPI_ISL_18002970	2016-01-20	2018-11-26	South America / Brazil / Amazonas / Manaus
EPI_ISL_18002971	2016-01-14	2018-11-26	South America / Brazil / Amazonas / Manaus
EPI_ISL_18002972	2016-01-25	2018-11-26	South America / Brazil / Amazonas / Manaus
EPI_ISL_18002973	2016-01-14	2018-11-26	South America / Brazil / Amazonas / Manaus
EPI_ISL_18002974	2016-01-26	2018-11-26	South America / Brazil / Amazonas / Manaus
EPI_ISL_18002975	2015-12-16	2018-11-26	South America / Brazil / Amazonas / Manaus
EPI_ISL_18002976	2017-03-24	2018-11-26	South America / Brazil / Amazonas / Manaus
EPI_ISL_18002977	2016-02-15	2018-11-26	South America / Brazil / Amazonas / Manaus
EPI_ISL_18002978	2017-03-22	2018-11-26	South America / Brazil / Amazonas / Manaus
EPI_ISL_18002979	2016-02-11	2018-11-26	South America / Brazil / Amazonas / Manaus
EPI_ISL_18002980	2017-04-27	2018-11-26	South America / Brazil / Amazonas / Manaus
EPI_ISL_18002981	2017-04-26	2018-11-26	South America / Brazil / Amazonas / Manaus
EPI_ISL_18002982	2016-05-16	2018-11-26	South America / Brazil / Amazonas / Manaus
EPI_ISL_18002983	2016-04-25	2018-11-26	South America / Brazil / Amazonas / Manaus
EPI_ISL_18002984	2016-04-26	2018-11-26	South America / Brazil / Amazonas / Manaus
EPI_ISL_18002985	2016-04-08	2018-11-26	South America / Brazil / Amazonas / Manaus
EPI_ISL_18002986	2016-04-05	2018-11-26	South America / Brazil / Amazonas / Manaus
EPI_ISL_18002987	2016-04-05	2018-11-26	South America / Brazil / Amazonas / Manaus
EPI_ISL_18002988	2016-04-05	2018-11-26	South America / Brazil / Amazonas / Manaus
EPI_ISL_18002989	2016-03-01	2018-11-26	South America / Brazil / Amazonas / Manaus
EPI_ISL_18002990	2016-02-29	2018-11-26	South America / Brazil / Amazonas / Manaus
EPI_ISL_18002991	2016-03-02	2018-11-26	South America / Brazil / Amazonas / Manaus
EPI_ISL_18002992	2016-03-01	2018-11-26	South America / Brazil / Amazonas / Manaus
EPI_ISL_18002993	2016-02-02	2018-11-26	South America / Brazil / Amazonas / Manaus
EPI_ISL_18002994	2016-02-03	2018-11-26	South America / Brazil / Amazonas / Manaus
EPI_ISL_18002995	2016-03-15	2018-11-26	South America / Brazil / Amazonas / Manaus
EPI_ISL_18002996	2016-03-18	2018-11-26	South America / Brazil / Amazonas / Manaus
EPI_ISL_18002998	2016-03-10	2018-11-26	South America / Brazil / Amazonas / Manaus
EPI_ISL_18002999	2016-02-10	2018-11-26	South America / Brazil / Amazonas / Manaus
EPI_ISL_18003000	2016-02-10	2018-11-26	South America / Brazil / Amazonas / Manaus
EPI_ISL_18003001	2016-01-08	2018-11-26	South America / Brazil / Amazonas / Manaus
EPI_ISL_18003002	2016-02-19	2018-11-26	South America / Brazil / Amazonas / Manaus
EPI_ISL_18003003	2016-01-29	2018-11-26	South America / Brazil / Amazonas / Manaus
EPI_ISL_18003004	2016-02-10	2018-11-26	South America / Brazil / Amazonas / Manaus
EPI_ISL_18003005	2016-02-02	2018-11-26	South America / Brazil / Amazonas / Manaus
EPI_ISL_18003006	2016-02-19	2018-11-26	South America / Brazil / Amazonas / Manaus
EPI_ISL_18003007	2017-03-20	2018-11-26	South America / Brazil / Amazonas / Manaus
EPI_ISL_18003008	2017-03-27	2018-11-26	South America / Brazil / Amazonas / Manaus
EPI_ISL_18003009	2016-04-01	2018-11-26	South America / Brazil / Amazonas / Manaus
EPI_ISL_18003010	2016-04-06	2018-11-26	South America / Brazil / Amazonas / Manaus
EPI_ISL_18003011	2015-12-08	2018-11-26	South America / Brazil / Amazonas / Manaus
EPI_ISL_18003012	2015-12-15	2018-11-26	South America / Brazil / Amazonas / Manaus
EPI_ISL_18003013	2016-03-31	2021-11-09	South America / Brazil / Goias / Goiania
EPI_ISL_18003014	2016-04-01	2021-11-09	South America / Brazil / Goias / Goiania
EPI_ISL_18003015	2016-04-24	2021-11-09	South America / Brazil / Goias / Goiania
EPI_ISL_18003016	2016-02-22	2021-11-09	South America / Brazil / Goias / Goiania
EPI_ISL_18003017	2017-06-01	2021-11-09	South America / Brazil / Goias / Inhumas
EPI_ISL_18003018	2017-11-23	2021-11-09	South America / Brazil / Goias / Aparecida de Goiania
EPI_ISL_18003019	2017-12-07	2021-11-09	South America / Brazil / Goias / Aparecida de Goiania
EPI_ISL_18003020	2017-01-02	2021-11-09	South America / Brazil / Goias / Goiania
EPI_ISL_18003021	2017-01-20	2021-11-09	South America / Brazil / Goias / Goiania
EPI_ISL_18003022	2017-02-23	2021-11-09	South America / Brazil / Goias / Goiania
EPI_ISL_18003023	2016-07-20	2021-11-09	South America / Brazil / Goias / Goianira
EPI_ISL_18003024	2018-04-18	2021-11-09	South America / Brazil / Goias / Aparecida de Goiania
EPI_ISL_18003025	2017-03-08	2021-11-09	South America / Brazil / Goias / Goiania
EPI_ISL_18003026	2018-01-26	2021-11-09	South America / Brazil / Goias / Aparecida de Goiania
EPI_ISL_18003027	2018-03-26	2021-11-09	South America / Brazil / Goias / Goiatuba
EPI_ISL_18003028	2018-03-23	2021-11-09	South America / Brazil / Goias / Goiatuba
EPI_ISL_18003029	2017-03-17	2021-11-09	South America / Brazil / Goias / Goiania
EPI_ISL_18003030	2017-03-28	2018-11-26	South America / Brazil / Amazonas / Manaus
EPI_ISL_18003031	2016-02-22	2021-11-09	South America / Brazil / Goias / Goiania
EPI_ISL_18003032	2017-03-27	2018-11-26	South America / Brazil / Amazonas / Manaus
EPI_ISL_18003033	2017-03-28	2018-11-26	South America / Brazil / Amazonas / Manaus
EPI_ISL_18003034	2017-03-29	2018-11-26	South America / Brazil / Amazonas / Manaus
EPI_ISL_18003035	2017-04-07	2018-11-26	South America / Brazil / Amazonas / Manaus
EPI_ISL_18003036	2016-06-02	2021-11-09	South America / Brazil / Goias / Aparecida de Goiania
EPI_ISL_18003037	2017-06-30	2021-11-09	South America / Brazil / Goias / Aparecida de Goiania
EPI_ISL_18003038	2017-03-20	2018-11-26	South America / Brazil / Amazonas / Manaus
EPI_ISL_18003039	2016-05-01	2021-11-09	South America / Brazil / Goias / Goiania
EPI_ISL_18003040	2016-04-20	2021-11-09	South America / Brazil / Goias / Goiania
EPI_ISL_18003041	2015-12-15	2018-11-26	South America / Brazil / Amazonas / Manaus
EPI_ISL_18003043	2016-02-01	2018-11-26	South America / Brazil / Amazonas / Manaus
EPI_ISL_18003044	2016-04-29	2021-11-09	South America / Brazil / Goias / Jatai
EPI_ISL_18003269	2016-05-10	2020-10-16	South America / Brazil
EPI_ISL_18003270	2016-06-16	2020-10-16	South America / Brazil
EPI_ISL_18003271	2016-05-07	2020-10-16	South America / Brazil
EPI_ISL_18003273	2016-04-26	2020-10-16	South America / Brazil
EPI_ISL_18003685	2015-09-01	2016-05-03	South America / Brazil
EPI_ISL_18003693	2016-03-24	2020-05-06	South America / Brazil
EPI_ISL_18003694	2016-04-11	2020-05-06	South America / Brazil
EPI_ISL_18003695	2016-04-05	2020-05-06	South America / Brazil
EPI_ISL_18003696	2016-03-21	2020-05-06	South America / Brazil
EPI_ISL_18003697	2016-04-06	2020-05-06	South America / Brazil
EPI_ISL_18003698	2016-03-18	2020-05-06	South America / Brazil
EPI_ISL_18003699	2016-04-06	2020-05-06	South America / Brazil
EPI_ISL_18003700	2016-04-12	2020-05-06	South America / Brazil
EPI_ISL_18003701	2016-04-14	2020-05-06	South America / Brazil
EPI_ISL_18003702	2016-04-20	2020-05-06	South America / Brazil
EPI_ISL_18003794	2016-02-01	2017-05-09	South America / Brazil
EPI_ISL_18003795	2015-06-01	2017-05-09	South America / Brazil
EPI_ISL_18003820	2017-06-29	2020-02-18	South America / Brazil
EPI_ISL_18003899	2015-07-01	2016-02-11	South America / Brazil
EPI_ISL_18003900	2016-02-29	2017-01-11	South America / Brazil
EPI_ISL_18003901	2016-04-05	2017-01-11	South America / Brazil
EPI_ISL_18003902	2016-01-11	2017-01-11	South America / Brazil
EPI_ISL_18003903	2017-03-03	2018-01-09	South America / Brazil
EPI_ISL_18003904	2017-03-03	2018-01-09	South America / Brazil
EPI_ISL_18003905	2017-03-03	2018-01-09	South America / Brazil
EPI_ISL_18003906	2017-01-26	2018-01-09	South America / Brazil
EPI_ISL_18004069	2016-04-08	2017-03-20	South America / Brazil / Rio de Janeiro
EPI_ISL_18004074	2016-03-14	2017-03-20	South America / Brazil / Rio de Janeiro
EPI_ISL_18004077	2016-04-08	2017-03-20	South America / Brazil / Rio de Janeiro
EPI_ISL_18004078	2016-04-14	2017-03-20	South America / Brazil / Rio de Janeiro
EPI_ISL_18004084	2016-03-22	2017-03-20	South America / Brazil / Rio de Janeiro
EPI_ISL_18004088	2016-04-12	2017-03-20	South America / Brazil / Rio de Janeiro
EPI_ISL_18004101	2016-03-30	2017-03-20	South America / Brazil / Rio de Janeiro
EPI_ISL_18004102	2016-03-27	2017-03-20	South America / Brazil / Rio de Janeiro
EPI_ISL_18004104	2016-03-23	2016-10-20	South America / Brazil / Rio de Janeiro
EPI_ISL_18004114	2016-04-06	2017-03-20	South America / Brazil / Rio de Janeiro
EPI_ISL_18004117	2016-04-04	2017-03-20	South America / Brazil / Rio de Janeiro
EPI_ISL_18004118	2016-03-30	2017-03-20	South America / Brazil / Rio de Janeiro
EPI_ISL_18004119	2016-04-15	2017-03-20	South America / Brazil / Rio de Janeiro
EPI_ISL_18004126	2016-03-21	2016-10-20	South America / Brazil / Rio de Janeiro
EPI_ISL_18004127	2016-04-18	2016-10-20	South America / Brazil / Rio de Janeiro
EPI_ISL_18004131	2016-04-05	2016-10-20	South America / Brazil / Rio de Janeiro
EPI_ISL_18004135	2016-03-28	2016-10-20	South America / Brazil / Rio de Janeiro
EPI_ISL_18004136	2016-03-23	2016-10-20	South America / Brazil / Rio de Janeiro
EPI_ISL_18004137	2016-03-28	2016-10-20	South America / Brazil / Rio de Janeiro
EPI_ISL_18004143	2016-04-13	2016-10-20	South America / Brazil / Rio de Janeiro
EPI_ISL_18004147	2016-05-10	2017-03-20	South America / Brazil / Rio de Janeiro
EPI_ISL_18004157	2016-04-01	2017-03-20	South America / Brazil / Rio de Janeiro
EPI_ISL_18004169	2016-03-30	2017-03-20	South America / Brazil / Rio de Janeiro
EPI_ISL_18004173	2016-04-12	2016-10-20	South America / Brazil / Rio de Janeiro
EPI_ISL_18004315	2015-12-01	2016-05-05	South America / Brazil
EPI_ISL_18004316	2016-03-01	2016-09-09	South America / Brazil
EPI_ISL_18004317	2015-11-30	2016-01-06	South America / Brazil
EPI_ISL_18004389	2017-11-11	2019-06-25	South America / Brazil
EPI_ISL_18004395	2015-12-09	2018-06-21	South America / Brazil / Mato Grosso / Sinop
EPI_ISL_18004396	2015-12-11	2018-06-21	South America / Brazil / Mato Grosso / Sinop
EPI_ISL_18004397	2015-12-11	2018-06-21	South America / Brazil / Mato Grosso / Sinop
EPI_ISL_18004398	2016-03-13	2017-02-01	South America / Brazil / Tocantins / Palmas
EPI_ISL_18004399	2016-03-22	2017-02-01	South America / Brazil / Tocantins / Palmas
EPI_ISL_18004401	2016-01-15	2017-02-01	South America / Brazil / Rio de Janeiro
EPI_ISL_18004402	2016-01-15	2017-02-01	South America / Brazil / Rio de Janeiro
EPI_ISL_18004403	2016-02-16	2017-02-01	South America / Brazil / Rio de Janeiro
EPI_ISL_18004405	2016-03-10	2017-02-01	South America / Brazil / Tocantins / Palmas
EPI_ISL_18004406	2016-03-03	2017-02-01	South America / Brazil / Tocantins / Palmas
EPI_ISL_18004407	2016-03-07	2017-02-01	South America / Brazil / Tocantins / Palmas
EPI_ISL_18004408	2016-04-16	2017-02-01	South America / Brazil / Bahia
EPI_ISL_18004409	2016-02-25	2017-02-01	South America / Brazil / Tocantins / Porto Nacional
EPI_ISL_18004413	2015-02-23	2017-02-01	South America / Brazil / Rio Grande do Norte
EPI_ISL_18004414	2016-01-15	2017-02-01	South America / Brazil / Pernambuco
EPI_ISL_18004415	2016-01-19	2017-02-01	South America / Brazil / Pernambuco
EPI_ISL_18004416	2016-01-06	2017-02-01	South America / Brazil / Pernambuco
EPI_ISL_18004417	2016-01-18	2017-02-01	South America / Brazil / Pernambuco
EPI_ISL_18004418	2016-01-18	2017-02-01	South America / Brazil / Pernambuco
EPI_ISL_18004419	2015-05-13	2017-02-01	South America / Brazil / Pernambuco
EPI_ISL_18004420	2015-05-13	2017-02-01	South America / Brazil / Pernambuco
EPI_ISL_18004421	2015-05-14	2017-02-01	South America / Brazil / Pernambuco
EPI_ISL_18004422	2015-06-15	2017-02-01	South America / Brazil / Pernambuco
EPI_ISL_18004423	2016-07-10	2017-02-01	South America / Brazil / Pernambuco
EPI_ISL_18004424	2015-08-09	2017-02-01	South America / Brazil / Pernambuco
EPI_ISL_18004425	2015-08-20	2017-02-01	South America / Brazil / Alagoas
EPI_ISL_18004426	2015-09-09	2017-02-01	South America / Brazil / Alagoas
EPI_ISL_18004427	2016-05-19	2017-02-01	South America / Brazil / Sao Paulo
EPI_ISL_18004428	2016-04-25	2017-02-01	South America / Brazil / Sao Paulo
EPI_ISL_18004429	2016-04-24	2017-02-01	South America / Brazil / Sao Paulo
EPI_ISL_18004430	2016-04-24	2017-02-01	South America / Brazil / Sao Paulo
EPI_ISL_18004431	2016-04-24	2017-02-01	South America / Brazil / Sao Paulo
EPI_ISL_18004432	2016-04-19	2017-02-01	South America / Brazil / Sao Paulo
EPI_ISL_18004433	2016-05-24	2017-02-01	South America / Brazil / Tocantins / Araguaina
EPI_ISL_18004434	2016-04-19	2017-02-01	South America / Brazil / Sao Paulo
EPI_ISL_18004435	2016-04-19	2017-02-01	South America / Brazil / Sao Paulo
EPI_ISL_18004436	2016-04-19	2017-02-01	South America / Brazil / Sao Paulo
EPI_ISL_18004437	2016-04-18	2017-02-01	South America / Brazil / Sao Paulo
EPI_ISL_18004438	2016-04-18	2017-02-01	South America / Brazil / Sao Paulo
EPI_ISL_18004439	2016-04-18	2017-02-01	South America / Brazil / Sao Paulo
EPI_ISL_18004440	2015-08-28	2017-02-01	South America / Brazil / Alagoas
EPI_ISL_18004441	2016-04-19	2017-02-01	South America / Brazil / Sao Paulo
EPI_ISL_18004506	2016-10-10	2017-05-05	South America / Brazil
EPI_ISL_18004507	2016-11-11	2017-05-05	South America / Brazil
EPI_ISL_18004508	2016-03-05	2017-05-05	South America / Brazil
EPI_ISL_18004509	2016-03-05	2017-05-05	South America / Brazil
EPI_ISL_18004510	2016-07-07	2017-05-05	South America / Brazil
EPI_ISL_18004511	2016-06-05	2017-05-05	South America / Brazil
EPI_ISL_18004512	2016-06-05	2017-05-05	South America / Brazil
EPI_ISL_18004538	2016-02-12	2016-11-30	South America / Brazil
EPI_ISL_18059199	2018-04-25	2023-08-02	South America / Brazil / Amazonas
EPI_ISL_18059200	2018-04-23	2023-08-02	South America / Brazil / Amazonas
EPI_ISL_18059201	2018-04-21	2023-08-02	South America / Brazil / Amazonas
EPI_ISL_18059202	2018-04-21	2023-08-02	South America / Brazil / Amazonas
EPI_ISL_18059203	2018-04-21	2023-08-02	South America / Brazil / Amazonas
EPI_ISL_18059204	2018-04-20	2023-08-02	South America / Brazil / Amazonas
EPI_ISL_18059205	2018-04-20	2023-08-02	South America / Brazil / Amazonas
EPI_ISL_18059206	2018-04-17	2023-08-02	South America / Brazil / Amazonas
EPI_ISL_18059207	2018-04-15	2023-08-02	South America / Brazil / Amazonas
EPI_ISL_18059208	2018-04-15	2023-08-02	South America / Brazil / Amazonas
EPI_ISL_18059209	2018-04-14	2023-08-02	South America / Brazil / Amazonas
EPI_ISL_18059210	2018-04-14	2023-08-02	South America / Brazil / Amazonas
EPI_ISL_18059211	2018-04-13	2023-08-02	South America / Brazil / Amazonas
EPI_ISL_18059212	2018-04-13	2023-08-02	South America / Brazil / Amazonas
EPI_ISL_18059213	2018-04-13	2023-08-02	South America / Brazil / Amazonas
EPI_ISL_18059214	2018-04-13	2023-08-02	South America / Brazil / Amazonas
EPI_ISL_18059215	2018-04-12	2023-08-02	South America / Brazil / Amazonas
EPI_ISL_18059216	2018-04-11	2023-08-02	South America / Brazil / Amazonas
EPI_ISL_18059217	2018-04-09	2023-08-02	South America / Brazil / Amazonas
EPI_ISL_18059218	2018-04-09	2023-08-02	South America / Brazil / Amazonas
EPI_ISL_18059219	2018-04-09	2023-08-02	South America / Brazil / Amazonas
EPI_ISL_18059220	2018-04-09	2023-08-02	South America / Brazil / Amazonas
EPI_ISL_18059221	2018-04-06	2023-08-02	South America / Brazil / Amazonas
EPI_ISL_18059222	2018-04-05	2023-08-02	South America / Brazil / Amazonas
EPI_ISL_18059223	2018-04-03	2023-08-02	South America / Brazil / Amazonas
EPI_ISL_18059224	2018-04-02	2023-08-02	South America / Brazil / Amazonas
EPI_ISL_18059225	2018-04-02	2023-08-02	South America / Brazil / Amazonas
EPI_ISL_18059226	2018-04-02	2023-08-02	South America / Brazil / Amazonas
EPI_ISL_18059227	2018-03-27	2023-08-02	South America / Brazil / Amazonas
EPI_ISL_18059228	2018-03-21	2023-08-02	South America / Brazil / Amazonas
EPI_ISL_18059229	2018-03-21	2023-08-02	South America / Brazil / Amazonas
EPI_ISL_18059230	2018-03-21	2023-08-02	South America / Brazil / Amazonas
EPI_ISL_18059231	2018-03-21	2023-08-02	South America / Brazil / Amazonas
EPI_ISL_18059232	2018-03-21	2023-08-02	South America / Brazil / Amazonas
EPI_ISL_18059233	2018-03-21	2023-08-02	South America / Brazil / Amazonas
EPI_ISL_18059234	2018-03-20	2023-08-02	South America / Brazil / Amazonas
EPI_ISL_18059235	2018-03-20	2023-08-02	South America / Brazil / Amazonas
EPI_ISL_18059236	2018-03-19	2023-08-02	South America / Brazil / Amazonas
EPI_ISL_18059237	2018-06-09	2023-08-02	South America / Brazil / Amazonas
EPI_ISL_18059238	2018-06-09	2023-08-02	South America / Brazil / Amazonas
EPI_ISL_18059239	2018-06-08	2023-08-02	South America / Brazil / Amazonas
EPI_ISL_18059240	2018-06-08	2023-08-02	South America / Brazil / Amazonas
EPI_ISL_18059241	2018-06-08	2023-08-02	South America / Brazil / Amazonas
EPI_ISL_18059242	2018-06-08	2023-08-02	South America / Brazil / Amazonas
EPI_ISL_18059243	2018-06-08	2023-08-02	South America / Brazil / Amazonas
EPI_ISL_18059244	2018-06-06	2023-08-02	South America / Brazil / Amazonas
EPI_ISL_18059245	2018-06-01	2023-08-02	South America / Brazil / Amazonas
EPI_ISL_18059246	2018-05-30	2023-08-02	South America / Brazil / Amazonas
EPI_ISL_18059247	2018-05-30	2023-08-02	South America / Brazil / Amazonas
EPI_ISL_18059248	2018-05-30	2023-08-02	South America / Brazil / Amazonas
EPI_ISL_18059249	2018-05-29	2023-08-02	South America / Brazil / Amazonas
EPI_ISL_18059250	2018-05-29	2023-08-02	South America / Brazil / Amazonas
EPI_ISL_18059251	2018-05-28	2023-08-02	South America / Brazil / Amazonas
EPI_ISL_18059252	2018-05-28	2023-08-02	South America / Brazil / Amazonas
EPI_ISL_18059253	2018-05-28	2023-08-02	South America / Brazil / Amazonas
EPI_ISL_18059254	2018-05-26	2023-08-02	South America / Brazil / Amazonas
EPI_ISL_18059255	2018-05-26	2023-08-02	South America / Brazil / Amazonas
EPI_ISL_18059256	2018-05-26	2023-08-02	South America / Brazil / Amazonas
EPI_ISL_18059257	2018-05-26	2023-08-02	South America / Brazil / Amazonas
EPI_ISL_18059258	2018-05-25	2023-08-02	South America / Brazil / Amazonas
EPI_ISL_18059259	2018-05-25	2023-08-02	South America / Brazil / Amazonas
EPI_ISL_18059260	2018-05-24	2023-08-02	South America / Brazil / Amazonas
EPI_ISL_18059261	2018-05-23	2023-08-02	South America / Brazil / Amazonas
EPI_ISL_18059262	2018-05-22	2023-08-02	South America / Brazil / Amazonas
EPI_ISL_18059263	2018-05-22	2023-08-02	South America / Brazil / Amazonas
EPI_ISL_18059264	2018-05-17	2023-08-02	South America / Brazil / Amazonas
EPI_ISL_18059265	2018-05-21	2023-08-02	South America / Brazil / Amazonas
EPI_ISL_18059266	2018-05-14	2023-08-02	South America / Brazil / Amazonas
EPI_ISL_18059267	2018-05-14	2023-08-02	South America / Brazil / Amazonas
EPI_ISL_18059268	2018-05-14	2023-08-02	South America / Brazil / Amazonas
EPI_ISL_18059269	2018-05-14	2023-08-02	South America / Brazil / Amazonas
EPI_ISL_18059270	2018-05-14	2023-08-02	South America / Brazil / Amazonas
EPI_ISL_18059271	2018-05-19	2023-08-02	South America / Brazil / Amazonas
EPI_ISL_18059272	2018-05-19	2023-08-02	South America / Brazil / Amazonas
EPI_ISL_18059273	2018-05-18	2023-08-02	South America / Brazil / Amazonas
EPI_ISL_18059274	2018-05-18	2023-08-02	South America / Brazil / Amazonas
EPI_ISL_18059275	2018-05-18	2023-08-02	South America / Brazil / Amazonas
EPI_ISL_18059276	2018-05-18	2023-08-02	South America / Brazil / Amazonas
EPI_ISL_18059277	2018-05-18	2023-08-02	South America / Brazil / Amazonas
EPI_ISL_18059278	2018-05-18	2023-08-02	South America / Brazil / Amazonas
EPI_ISL_18059279	2018-05-18	2023-08-02	South America / Brazil / Amazonas
EPI_ISL_18059280	2018-05-17	2023-08-02	South America / Brazil / Amazonas
EPI_ISL_18059281	2018-05-17	2023-08-02	South America / Brazil / Amazonas
EPI_ISL_18059282	2018-05-16	2023-08-02	South America / Brazil / Amazonas
EPI_ISL_18059283	2018-05-16	2023-08-02	South America / Brazil / Amazonas
EPI_ISL_18059284	2018-05-16	2023-08-02	South America / Brazil / Amazonas
EPI_ISL_18059285	2018-05-16	2023-08-02	South America / Brazil / Amazonas
EPI_ISL_18059286	2018-05-16	2023-08-02	South America / Brazil / Amazonas
EPI_ISL_18059287	2018-05-16	2023-08-02	South America / Brazil / Amazonas
EPI_ISL_18059288	2018-05-15	2023-08-02	South America / Brazil / Amazonas
EPI_ISL_18059289	2018-05-12	2023-08-02	South America / Brazil / Amazonas
EPI_ISL_18059290	2018-05-12	2023-08-02	South America / Brazil / Amazonas
EPI_ISL_18059291	2018-05-12	2023-08-02	South America / Brazil / Amazonas
EPI_ISL_18059292	2018-05-12	2023-08-02	South America / Brazil / Amazonas
EPI_ISL_18059293	2018-05-12	2023-08-02	South America / Brazil / Amazonas
EPI_ISL_18059294	2018-05-11	2023-08-02	South America / Brazil / Amazonas
EPI_ISL_18059295	2018-05-11	2023-08-02	South America / Brazil / Amazonas
EPI_ISL_18059296	2018-05-11	2023-08-02	South America / Brazil / Amazonas
EPI_ISL_18059297	2018-05-11	2023-08-02	South America / Brazil / Amazonas
EPI_ISL_18059298	2018-05-11	2023-08-02	South America / Brazil / Amazonas
EPI_ISL_18059299	2018-05-10	2023-08-02	South America / Brazil / Amazonas
EPI_ISL_18059300	2018-05-09	2023-08-02	South America / Brazil / Amazonas
EPI_ISL_18059301	2018-05-09	2023-08-02	South America / Brazil / Amazonas
EPI_ISL_18059302	2018-05-08	2023-08-02	South America / Brazil / Amazonas
EPI_ISL_18059303	2018-05-08	2023-08-02	South America / Brazil / Amazonas
EPI_ISL_18059304	2018-05-05	2023-08-02	South America / Brazil / Amazonas
EPI_ISL_18059305	2018-05-05	2023-08-02	South America / Brazil / Amazonas
EPI_ISL_18059306	2018-05-04	2023-08-02	South America / Brazil / Amazonas
EPI_ISL_18059307	2018-05-04	2023-08-02	South America / Brazil / Amazonas
EPI_ISL_18059308	2018-05-02	2023-08-02	South America / Brazil / Amazonas
EPI_ISL_18059309	2018-04-28	2023-08-02	South America / Brazil / Amazonas
EPI_ISL_18059310	2018-04-27	2023-08-02	South America / Brazil / Amazonas
EPI_ISL_18059311	2018-04-26	2023-08-02	South America / Brazil / Amazonas
EPI_ISL_18059312	2018-04-24	2023-08-02	South America / Brazil / Amazonas
EPI_ISL_18059313	2018-04-24	2023-08-02	South America / Brazil / Amazonas
EPI_ISL_18059314	2018-03-16	2023-08-02	South America / Brazil / Amazonas
EPI_ISL_18059315	2018-03-16	2023-08-02	South America / Brazil / Amazonas
EPI_ISL_18059316	2018-03-16	2023-08-02	South America / Brazil / Amazonas
EPI_ISL_18059317	2018-03-15	2023-08-02	South America / Brazil / Amazonas
EPI_ISL_18059318	2018-03-15	2023-08-02	South America / Brazil / Amazonas
EPI_ISL_18059319	2018-03-14	2023-08-02	South America / Brazil / Amazonas
EPI_ISL_18059320	2018-03-13	2023-08-02	South America / Brazil / Amazonas
EPI_ISL_18059321	2018-03-13	2023-08-02	South America / Brazil / Amazonas
EPI_ISL_18059322	2018-03-10	2023-08-02	South America / Brazil / Amazonas
EPI_ISL_18059323	2018-03-10	2023-08-02	South America / Brazil / Amazonas
EPI_ISL_18059324	2018-03-09	2023-08-02	South America / Brazil / Amazonas
EPI_ISL_18059325	2018-03-09	2023-08-02	South America / Brazil / Amazonas
EPI_ISL_18059326	2018-03-09	2023-08-02	South America / Brazil / Amazonas
EPI_ISL_18059327	2018-03-08	2023-08-02	South America / Brazil / Amazonas
EPI_ISL_18059328	2018-03-08	2023-08-02	South America / Brazil / Amazonas
EPI_ISL_18059329	2018-03-07	2023-08-02	South America / Brazil / Amazonas
EPI_ISL_18059330	2018-03-07	2023-08-02	South America / Brazil / Amazonas
EPI_ISL_18059331	2018-03-06	2023-08-02	South America / Brazil / Amazonas
EPI_ISL_18059332	2018-03-06	2023-08-02	South America / Brazil / Amazonas
EPI_ISL_18059333	2018-03-05	2023-08-02	South America / Brazil / Amazonas
EPI_ISL_18059334	2018-03-02	2023-08-02	South America / Brazil / Amazonas
EPI_ISL_18059335	2018-02-26	2023-08-02	South America / Brazil / Amazonas
EPI_ISL_18059336	2018-02-24	2023-08-02	South America / Brazil / Amazonas
EPI_ISL_18059337	2018-02-21	2023-08-02	South America / Brazil / Amazonas
EPI_ISL_18059338	2018-02-20	2023-08-02	South America / Brazil / Amazonas
EPI_ISL_18059339	2018-02-20	2023-08-02	South America / Brazil / Amazonas
EPI_ISL_18059340	2018-02-19	2023-08-02	South America / Brazil / Amazonas
EPI_ISL_18059341	2018-02-17	2023-08-02	South America / Brazil / Amazonas
EPI_ISL_18059342	2018-02-16	2023-08-02	South America / Brazil / Amazonas
EPI_ISL_18059343	2018-02-02	2023-08-02	South America / Brazil / Amazonas
EPI_ISL_18059344	2018-01-31	2023-08-02	South America / Brazil / Amazonas
EPI_ISL_18059345	2018-01-31	2023-08-02	South America / Brazil / Amazonas
EPI_ISL_18059346	2018-01-29	2023-08-02	South America / Brazil / Amazonas
EPI_ISL_18059347	2018-01-26	2023-08-02	South America / Brazil / Amazonas
EPI_ISL_18059348	2018-01-25	2023-08-02	South America / Brazil / Amazonas
EPI_ISL_18059349	2018-01-25	2023-08-02	South America / Brazil / Amazonas
EPI_ISL_18059351	2018-01-23	2023-08-02	South America / Brazil / Amazonas
EPI_ISL_18059352	2018-01-19	2023-08-02	South America / Brazil / Amazonas
EPI_ISL_18059353	2018-01-19	2023-08-02	South America / Brazil / Amazonas
EPI_ISL_18059354	2018-01-18	2023-08-02	South America / Brazil / Amazonas
EPI_ISL_18059355	2018-01-17	2023-08-02	South America / Brazil / Amazonas
EPI_ISL_18059356	2018-01-16	2023-08-02	South America / Brazil / Amazonas
EPI_ISL_18059357	2018-01-16	2023-08-02	South America / Brazil / Amazonas
EPI_ISL_18059358	2018-01-16	2023-08-02	South America / Brazil / Amazonas
EPI_ISL_18059359	2018-01-15	2023-08-02	South America / Brazil / Amazonas
EPI_ISL_18059360	2018-01-15	2023-08-02	South America / Brazil / Amazonas
EPI_ISL_18059361	2018-01-30	2023-08-02	South America / Brazil / Amazonas
EPI_ISL_18059362	2017-09-01	2023-08-02	South America / Brazil / Amazonas
EPI_ISL_18059363	2017-08-23	2023-08-02	South America / Brazil / Amazonas
EPI_ISL_18059364	2019-08-06	2023-08-02	South America / Brazil / Amazonas
EPI_ISL_18059365	2019-07-08	2023-08-02	South America / Brazil / Amazonas
EPI_ISL_18059366	2019-07-01	2023-08-02	South America / Brazil / Amazonas
EPI_ISL_18059367	2019-07-01	2023-08-02	South America / Brazil / Amazonas
EPI_ISL_18059368	2019-06-19	2023-08-02	South America / Brazil / Amazonas
EPI_ISL_18059369	2019-06-14	2023-08-02	South America / Brazil / Amazonas
EPI_ISL_18059370	2019-06-13	2023-08-02	South America / Brazil / Amazonas
EPI_ISL_18059371	2019-06-11	2023-08-02	South America / Brazil / Amazonas
EPI_ISL_18059372	2019-05-20	2023-08-02	South America / Brazil / Amazonas
EPI_ISL_18059373	2019-05-17	2023-08-02	South America / Brazil / Amazonas
EPI_ISL_18059374	2019-05-09	2023-08-02	South America / Brazil / Amazonas
EPI_ISL_18059375	2019-04-30	2023-08-02	South America / Brazil / Amazonas
EPI_ISL_18059376	2019-04-26	2023-08-02	South America / Brazil / Amazonas
EPI_ISL_18059377	2019-04-26	2023-08-02	South America / Brazil / Amazonas
EPI_ISL_18059378	2019-04-26	2023-08-02	South America / Brazil / Amazonas
EPI_ISL_18059379	2019-04-25	2023-08-02	South America / Brazil / Amazonas
EPI_ISL_18059380	2019-04-23	2023-08-02	South America / Brazil / Amazonas
EPI_ISL_18059381	2019-04-23	2023-08-02	South America / Brazil / Amazonas
EPI_ISL_18059382	2019-04-23	2023-08-02	South America / Brazil / Amazonas
EPI_ISL_18059383	2019-04-22	2023-08-02	South America / Brazil / Amazonas
EPI_ISL_18059384	2019-04-08	2023-08-02	South America / Brazil / Amazonas
EPI_ISL_18059385	2019-04-04	2023-08-02	South America / Brazil / Amazonas
EPI_ISL_18059386	2019-04-01	2023-08-02	South America / Brazil / Amazonas
EPI_ISL_18059387	2019-04-01	2023-08-02	South America / Brazil / Amazonas
EPI_ISL_18059388	2019-03-29	2023-08-02	South America / Brazil / Amazonas
EPI_ISL_18059389	2019-03-29	2023-08-02	South America / Brazil / Amazonas
EPI_ISL_18059390	2019-03-27	2023-08-02	South America / Brazil / Amazonas
EPI_ISL_18059391	2019-03-23	2023-08-02	South America / Brazil / Amazonas
EPI_ISL_18059392	2019-03-22	2023-08-02	South America / Brazil / Amazonas
EPI_ISL_18059393	2019-03-22	2023-08-02	South America / Brazil / Amazonas
EPI_ISL_18059394	2019-03-21	2023-08-02	South America / Brazil / Amazonas
EPI_ISL_18059395	2019-02-27	2023-08-02	South America / Brazil / Amazonas
EPI_ISL_18059396	2018-11-27	2023-08-02	South America / Brazil / Amazonas
EPI_ISL_18059397	2018-11-26	2023-08-02	South America / Brazil / Amazonas
EPI_ISL_18059398	2018-10-15	2023-08-02	South America / Brazil / Amazonas
EPI_ISL_18059399	2018-10-10	2023-08-02	South America / Brazil / Amazonas
EPI_ISL_18059400	2018-10-01	2023-08-02	South America / Brazil / Amazonas
EPI_ISL_18059401	2018-09-14	2023-08-02	South America / Brazil / Amazonas
EPI_ISL_18059402	2018-08-17	2023-08-02	South America / Brazil / Amazonas
EPI_ISL_18059403	2018-08-17	2023-08-02	South America / Brazil / Amazonas
EPI_ISL_18059404	2018-08-15	2023-08-02	South America / Brazil / Amazonas
EPI_ISL_18059405	2018-08-13	2023-08-02	South America / Brazil / Amazonas
EPI_ISL_18059407	2018-08-13	2023-08-02	South America / Brazil / Amazonas
EPI_ISL_18059408	2018-08-10	2023-08-02	South America / Brazil / Amazonas
EPI_ISL_18059409	2018-08-09	2023-08-02	South America / Brazil / Amazonas
EPI_ISL_18059410	2018-08-09	2023-08-02	South America / Brazil / Amazonas
EPI_ISL_18059411	2018-08-07	2023-08-02	South America / Brazil / Amazonas
EPI_ISL_18059412	2018-08-07	2023-08-02	South America / Brazil / Amazonas
EPI_ISL_18059413	2018-07-26	2023-08-02	South America / Brazil / Amazonas
EPI_ISL_18059414	2018-07-21	2023-08-02	South America / Brazil / Amazonas
EPI_ISL_18059415	2018-07-20	2023-08-02	South America / Brazil / Amazonas
EPI_ISL_18059416	2018-07-20	2023-08-02	South America / Brazil / Amazonas
EPI_ISL_18059417	2018-07-16	2023-08-02	South America / Brazil / Amazonas
EPI_ISL_18059418	2018-07-10	2023-08-02	South America / Brazil / Amazonas
EPI_ISL_18059419	2018-07-05	2023-08-02	South America / Brazil / Amazonas
EPI_ISL_18059420	2018-07-04	2023-08-02	South America / Brazil / Amazonas
EPI_ISL_18059421	2018-07-02	2023-08-02	South America / Brazil / Amazonas
EPI_ISL_18059422	2018-07-02	2023-08-02	South America / Brazil / Amazonas
EPI_ISL_18059423	2018-07-02	2023-08-02	South America / Brazil / Amazonas
EPI_ISL_18705718	2015-06-13	2023-01-26	South America / Brazil / Goias
EPI_ISL_18705719	2016-03-14	2023-01-26	South America / Brazil / Goias
EPI_ISL_18707716	2015-05-20	2023-04-02	South America / Brazil / Bahia / Salvador
EPI_ISL_18707717	2015-05-27	2023-04-02	South America / Brazil / Bahia / Salvador
EPI_ISL_18707718	2015-05-26	2023-04-02	South America / Brazil / Bahia / Salvador
EPI_ISL_18707719	2015-05-06	2023-04-02	South America / Brazil / Bahia / Salvador
EPI_ISL_18708113	2015-05-22	2023-04-02	South America / Brazil / Bahia / Salvador
EPI_ISL_18708114	2015-07-09	2023-04-02	South America / Brazil / Bahia / Salvador
EPI_ISL_18708115	2015-05-19	2023-04-02	South America / Brazil / Bahia / Salvador
EPI_ISL_18708116	2015-05-19	2023-04-02	South America / Brazil / Bahia / Salvador
EPI_ISL_18708117	2015-05-19	2023-04-02	South America / Brazil / Bahia / Salvador
EPI_ISL_18708118	2016-04-09	2023-04-02	South America / Brazil / Bahia / Campo Formoso
EPI_ISL_18708119	2015-05-21	2023-04-02	South America / Brazil / Bahia / Salvador
EPI_ISL_18708852	2015-05-18	2023-04-02	South America / Brazil / Bahia / Salvador
EPI_ISL_18708853	2016-04-08	2023-04-02	South America / Brazil / Bahia / Campo Formoso
EPI_ISL_18708854	2015-05-26	2023-04-02	South America / Brazil / Bahia / Salvador
EPI_ISL_19321261	2015-01-01	2024-08-01	South America / Brazil
